gender,count
Documentary,56251
Drama,42007
Comedy,27696
Reality-TV,9716
Talk-Show,8330
Horror,7083
"Comedy,Drama",5540
Thriller,5162
Action,4404
"Drama,Romance",3858
Animation,3814
Family,3453
Romance,3295
Sport,2852
Music,2753
Crime,2499
"Comedy,Drama,Romance",2380
"Comedy,Romance",2325
Adult,2078
News,2050
"Drama,Thriller",2046
Adventure,1854
"Biography,Documentary",1741
Sci-Fi,1714
Game-Show,1609
"Documentary,Music",1548
"Horror,Thriller",1519
"Crime,Drama",1455
"Documentary,History",1277
Fantasy,1263
"Action,Crime,Drama",1253
Mystery,1202
Biography,1169
"Action,Adventure,Animation",1164
History,1112
"Documentary,Sport",1111
"Crime,Drama,Thriller",1059
"Comedy,Horror",1001
"Documentary,Drama",928
"Drama,Family",927
"Crime,Drama,Mystery",915
Musical,859
"Action,Drama",825
"Biography,Documentary,History",819
"Adventure,Animation,Comedy",795
"Comedy,Drama,Family",683
Short,669
"Action,Comedy",667
"Action,Adventure,Comedy",666
"Horror,Mystery,Thriller",651
"Drama,Mystery,Thriller",650
"Action,Thriller",645
"Crime,Documentary",621
"Comedy,Crime,Drama",603
"Drama,Horror,Mystery",598
"Drama,Mystery",572
"Drama,Horror,Thriller",548
"Comedy,Family",545
"Action,Adventure,Drama",542
"Animation,Comedy",533
"Drama,History",532
"Crime,Thriller",528
"Comedy,Talk-Show",506
"Biography,Documentary,Music",502
"Biography,Documentary,Drama",472
"Action,Drama,Thriller",465
"News,Talk-Show",460
"Comedy,Short",433
"Action,Comedy,Crime",432
"Comedy,Drama,Fantasy",431
"Action,Crime,Thriller",430
"Comedy,Crime",424
"Biography,Drama",421
"Action,Comedy,Drama",405
"Drama,Fantasy",405
"Mystery,Thriller",400
"Drama,Horror",399
"Biography,Drama,History",398
"Comedy,Documentary",386
"Game-Show,Reality-TV",385
"Documentary,Reality-TV",371
"Drama,Sci-Fi",360
"Adventure,Documentary",359
"Animation,Family",359
"Comedy,Reality-TV",319
"Adventure,Comedy,Drama",307
"Drama,Sport",285
"Drama,War",284
Western,284
"Animation,Comedy,Family",283
"Drama,Music",280
"Drama,Fantasy,Horror",279
"Action,Drama,Romance",270
"Documentary,History,War",270
"Drama,Family,Romance",270
War,269
"Horror,Mystery",265
"Documentary,Family",261
"Adventure,Comedy",260
"Animation,Comedy,Drama",258
"Comedy,Fantasy",255
"Action,Adventure,Fantasy",253
"Drama,Romance,Thriller",251
"Action,Animation,Comedy",250
"Drama,Mystery,Romance",250
"Comedy,Sci-Fi",245
"Documentary,News",245
"Comedy,Drama,Music",243
"Adventure,Comedy,Family",241
"Crime,Mystery,Thriller",240
"Comedy,Thriller",231
"Adventure,Drama",230
"Action,Crime",221
"Adventure,Animation,Family",217
"Crime,Drama,Romance",216
"Action,Drama,History",214
"Biography,Documentary,Sport",210
"Sci-Fi,Thriller",208
"Drama,Fantasy,Romance",206
"Comedy,Drama,Mystery",200
"Documentary,War",198
"Documentary,Short",195
"Drama,History,Romance",192
"Action,Adventure,Crime",191
"Action,Adventure,Sci-Fi",190
"Comedy,Drama,Thriller",187
"Comedy,Drama,Horror",186
"Documentary,Drama,History",186
"Biography,Documentary,Family",182
"Biography,Comedy,Documentary",179
"Action,Adventure",177
"Animation,Comedy,Fantasy",177
"Drama,Sci-Fi,Thriller",173
"Drama,Fantasy,Mystery",172
"Action,Comedy,Horror",171
"Action,Sci-Fi",169
"Crime,Drama,Horror",167
"Drama,Musical",165
"Drama,History,War",164
"Comedy,Horror,Thriller",163
"Comedy,Game-Show",160
"Sport,Talk-Show",159
"Action,Drama,Fantasy",158
"Horror,Sci-Fi",158
"Comedy,Music",156
"Comedy,Fantasy,Horror",152
"Animation,Documentary",151
"Comedy,Documentary,Drama",151
"Documentary,Drama,Family",150
"Documentary,History,Music",149
"Drama,Mystery,Sci-Fi",149
"Action,Horror,Thriller",148
"Horror,Sci-Fi,Thriller",148
"Comedy,Fantasy,Romance",146
"Comedy,Drama,Musical",144
"Adventure,Biography,Documentary",142
"Music,Talk-Show",142
"Adventure,Drama,Family",140
"Documentary,History,News",140
"Action,Animation,Drama",139
"Action,Animation,Fantasy",138
"Action,Horror",137
"Adventure,Drama,Fantasy",137
"Adventure,Family",136
"Biography,Comedy,Drama",136
"Biography,Crime,Drama",135
"Documentary,Horror",133
"Music,Reality-TV",133
"Comedy,Horror,Mystery",132
"Romance,Thriller",132
"Comedy,Drama,Sci-Fi",130
"Adventure,Comedy,Fantasy",128
"Drama,Music,Romance",127
"Comedy,Musical",123
"Adventure,Fantasy",122
"Biography,Drama,Music",122
"Crime,Horror,Thriller",121
"Adventure,Documentary,Drama",119
"Action,Drama,Sci-Fi",117
"Fantasy,Horror,Mystery",116
"Action,Sci-Fi,Thriller",115
"Comedy,Sport",115
"Crime,Documentary,Drama",115
"Fantasy,Horror",115
"Action,Drama,Horror",114
"Comedy,Horror,Sci-Fi",113
"Adventure,Family,Fantasy",112
"Biography,Crime,Documentary",112
"Comedy,Mystery",112
"Reality-TV,Talk-Show",112
"Biography,Drama,Sport",111
"Action,Horror,Sci-Fi",110
"Adventure,Animation,Fantasy",110
"Action,Fantasy",107
"Comedy,Drama,Sport",106
"Comedy,Family,Fantasy",104
"Action,Drama,Mystery",102
"Adventure,Reality-TV",101
"Crime,Mystery",101
"Comedy,Crime,Mystery",100
"Drama,Horror,Sci-Fi",99
"Action,Comedy,Romance",97
"Reality-TV,Romance",97
"Adventure,Animation",96
"Action,Romance",95
"Action,Adventure,Thriller",93
"Comedy,Crime,Thriller",93
"Crime,Horror,Mystery",93
"Action,Animation,Sci-Fi",92
"Comedy,Family,Romance",92
"Adventure,Documentary,History",90
"Documentary,Talk-Show",90
"Action,Adventure,Horror",88
"Comedy,News,Talk-Show",87
"Action,Crime,Mystery",86
"Adventure,Animation,Drama",86
"Biography,Drama,Romance",86
"Action,Comedy,Fantasy",85
"Horror,Mystery,Sci-Fi",85
"Action,Drama,Sport",84
"Action,Drama,War",84
"Action,Adventure,Documentary",83
"Drama,Musical,Romance",83
"Documentary,History,Sport",80
"Drama,Family,Fantasy",80
"Action,Comedy,Thriller",79
"Action,Biography,Drama",78
"Animation,Comedy,Romance",78
"Adventure,Documentary,Sport",77
"Crime,Drama,Family",77
"Documentary,Musical",77
"Drama,Romance,Sci-Fi",77
"Adventure,Comedy,Documentary",76
"Comedy,Drama,History",76
"Crime,Drama,Fantasy",75
"Fantasy,Romance",75
"Drama,Western",74
"Animation,Fantasy",73
"Crime,Documentary,History",73
"Action,Comedy,Sci-Fi",72
"Comedy,News",72
"Animation,Family,Fantasy",70
"Adventure,Drama,Mystery",68
"Animation,Drama,Fantasy",68
"Crime,Drama,History",67
"Drama,Fantasy,Sci-Fi",67
"Drama,History,Thriller",67
"Reality-TV,Sport",67
"Animation,Sci-Fi",66
"Family,Reality-TV",66
"Game-Show,Music",66
"Adventure,Drama,Sci-Fi",65
"Action,Fantasy,Horror",64
"Animation,Comedy,Short",64
"Family,Fantasy",64
"Action,Adventure,Family",63
"Adventure,Sci-Fi",63
"Fantasy,Sci-Fi",63
"Action,Fantasy,Sci-Fi",62
"Adventure,Drama,Romance",62
"Drama,Short",62
"Action,Animation",61
"Documentary,Drama,News",61
"Documentary,Family,History",61
"Adventure,Documentary,Family",60
"Animation,Comedy,Sci-Fi",60
"Drama,Fantasy,Thriller",60
"Fantasy,Horror,Thriller",60
"Animation,Drama",59
"Adventure,Comedy,Crime",58
"Animation,Biography,Documentary",58
"Comedy,Music,Romance",57
"Short,Talk-Show",57
"Action,Mystery,Thriller",56
"Adventure,Comedy,Horror",56
"Animation,Short",56
"Documentary,Sci-Fi",56
"Drama,Horror,Romance",56
"Fantasy,Thriller",55
"Adventure,Drama,Thriller",54
"Documentary,Drama,Sport",54
"Game-Show,Music,Reality-TV",54
"Mystery,Sci-Fi,Thriller",54
"Adventure,Biography,Drama",52
"Comedy,History",52
"Comedy,Mystery,Thriller",51
"Documentary,Drama,Music",51
"Drama,Romance,Sport",51
"Action,Horror,Mystery",50
"Adventure,Comedy,Sci-Fi",50
"Biography,History",50
"Drama,History,Mystery",50
"Drama,Romance,War",50
"Adventure,Drama,History",49
"Comedy,Musical,Romance",49
"Family,Game-Show",49
"Action,Drama,Family",48
"Animation,Documentary,History",48
"Documentary,Mystery",48
"Drama,Family,Sport",48
"Action,Animation,Crime",47
"Comedy,Documentary,History",47
"Adventure,Crime,Drama",46
"Comedy,Music,Talk-Show",46
"Adventure,Comedy,Romance",45
"Biography,Documentary,News",45
"Comedy,Documentary,Family",45
"Action,Romance,Thriller",44
"Animation,Sport",44
"Comedy,Family,Musical",44
"Mystery,Sci-Fi",44
"News,Short",44
"Documentary,Drama,War",43
"Documentary,Fantasy",43
"Drama,Reality-TV",43
"Fantasy,Horror,Sci-Fi",43
"News,Sport,Talk-Show",43
"Adventure,Drama,Horror",42
"Action,Comedy,Family",41
"Comedy,Drama,Short",41
"Comedy,Horror,Romance",41
"Comedy,Romance,Sci-Fi",41
"Family,Romance",41
"Crime,Documentary,Mystery",40
"Drama,Family,Music",40
"Family,Short",40
"Musical,Romance",40
"Animation,Comedy,Horror",39
"Crime,Reality-TV",39
"Drama,Music,Musical",39
"Adult,Romance",38
"Adventure,Thriller",38
"Documentary,Drama,Reality-TV",38
"Comedy,Family,Music",37
"Animation,Drama,Romance",36
"Biography,Drama,War",36
"Comedy,Documentary,Music",36
"Documentary,Romance",36
"Drama,Family,Mystery",36
"Drama,Fantasy,History",36
"Action,Adventure,Biography",35
"Action,Adventure,History",35
"Comedy,Romance,Thriller",35
"Crime,Horror",35
"Fantasy,Mystery",35
"Horror,Romance",35
"Action,Crime,Horror",34
"Action,Sport",34
"Game-Show,Talk-Show",34
"News,Reality-TV,Talk-Show",34
"Reality-TV,Short",34
"Adventure,Fantasy,Horror",33
"Adventure,Game-Show,Reality-TV",33
"Adventure,Horror,Thriller",33
"Animation,Drama,Family",33
"Animation,Drama,Music",33
"Biography,Comedy",33
"Biography,Drama,Family",33
"Comedy,Crime,Horror",33
"Comedy,Crime,Romance",33
"Comedy,Fantasy,Sci-Fi",33
"Drama,Family,History",33
"Drama,Family,Musical",33
"Drama,Family,Thriller",33
"Action,Adventure,Mystery",32
"Action,Documentary",32
"Animation,Horror",32
"Documentary,Music,Musical",32
"Drama,Thriller,War",32
"Fantasy,Mystery,Thriller",32
"Action,Biography,Crime",31
"Crime,Romance,Thriller",31
"Documentary,Western",31
"Mystery,Romance,Thriller",31
"Action,History",30
"Animation,Music",30
"Comedy,Mystery,Romance",30
"Animation,Comedy,Crime",29
"Comedy,Game-Show,Reality-TV",29
"Comedy,Horror,Musical",29
"Comedy,Reality-TV,Talk-Show",29
"Drama,Fantasy,Music",29
"Family,Talk-Show",29
"History,War",29
"Mystery,Romance",29
"Action,Crime,Romance",28
"Action,War",28
"Animation,Drama,Mystery",28
"Adult,Comedy",27
"Adventure,Family,Sci-Fi",27
"Adventure,Horror",27
"Animation,Drama,Horror",27
"Crime,Drama,Sci-Fi",27
"Documentary,Drama,Romance",27
"Documentary,History,Mystery",27
"Game-Show,Reality-TV,Romance",27
"Action,Documentary,Sport",26
"Adventure,Documentary,Music",26
"Animation,Comedy,Music",26
"Animation,Drama,Sport",26
"Animation,Family,Musical",26
"Comedy,Game-Show,Talk-Show",26
"Crime,Drama,Music",26
"Music,Romance",26
"Action,Documentary,Drama",25
"Adventure,Documentary,Reality-TV",25
"Documentary,Family,Sport",25
"Fantasy,Mystery,Sci-Fi",25
"Music,Short",25
"Adventure,Comedy,Game-Show",24
"Adventure,Horror,Mystery",24
"Biography,Comedy,Crime",24
"Documentary,Family,Music",24
"Documentary,Thriller",24
"Family,Musical",24
"Family,Sport",24
"News,Sport",24
"Action,Comedy,Mystery",23
"Action,Drama,Western",23
"Action,History,War",23
"Adventure,Animation,Sci-Fi",23
"Adventure,Fantasy,Mystery",23
"Adventure,Fantasy,Sci-Fi",23
"Animation,Crime,Drama",23
"Animation,Documentary,Family",23
"Animation,Drama,Sci-Fi",23
"Biography,Sport",23
"Comedy,Fantasy,Mystery",23
"Documentary,Short,Sport",23
"News,Reality-TV",23
"Action,Western",22
"Adventure,Mystery",22
"Animation,Musical",22
"Biography,Documentary,War",22
"Comedy,Crime,Fantasy",22
"Comedy,Drama,Reality-TV",22
"Comedy,Drama,War",22
"Comedy,Sport,Talk-Show",22
"Crime,Romance",22
"Family,Music",22
"Horror,Short",22
"Action,Biography,Documentary",21
"Action,Fantasy,Thriller",21
"Action,Mystery,Sci-Fi",21
"Adventure,Comedy,Mystery",21
"Adventure,Comedy,Reality-TV",21
"Animation,Comedy,Musical",21
"Biography,Music",21
"Comedy,Game-Show,Music",21
"Comedy,Mystery,Sci-Fi",21
"Comedy,Reality-TV,Short",21
"Comedy,Sci-Fi,Thriller",21
"Comedy,Short,Talk-Show",21
"Musical,Reality-TV",21
"Short,Sport",21
"Animation,Biography,Comedy",20
"Documentary,Drama,Mystery",20
"Game-Show,Sport",20
"Horror,Romance,Thriller",20
"Action,Crime,Sci-Fi",19
"Action,Thriller,War",19
"Adventure,Biography,Comedy",19
"Adventure,Romance",19
"Biography,Drama,Thriller",19
"Comedy,Horror,Music",19
"Crime,Drama,Sport",19
"Documentary,History,Horror",19
"Drama,Thriller,Western",19
"Family,Sci-Fi",19
"Action,Fantasy,Romance",18
"Adventure,History",18
"Animation,Family,Music",18
"Animation,Fantasy,Horror",18
"Comedy,Fantasy,Music",18
"Comedy,Fantasy,Musical",18
"Crime,Mystery,Romance",18
"Documentary,News,Talk-Show",18
"History,Talk-Show",18
"Romance,Sci-Fi",18
"Action,Adventure,Romance",17
"Action,Comedy,Documentary",17
"Adult,Drama",17
"Animation,Comedy,Documentary",17
"Comedy,Documentary,Musical",17
"Comedy,Documentary,Reality-TV",17
"Comedy,History,Romance",17
"Comedy,Romance,Sport",17
"Crime,Documentary,News",17
"Drama,Fantasy,Musical",17
"Drama,Reality-TV,Romance",17
"Family,Fantasy,Musical",17
"Music,Musical",17
"Action,Documentary,History",16
"Action,Mystery",16
"Action,Short",16
"Adventure,Documentary,News",16
"Adventure,Sci-Fi,Thriller",16
"Animation,Comedy,Mystery",16
"Animation,Fantasy,Romance",16
"Comedy,Documentary,Horror",16
"Comedy,Music,Musical",16
"Comedy,Western",16
"Documentary,Fantasy,History",16
"Documentary,News,Reality-TV",16
"Fantasy,Horror,Romance",16
"Fantasy,Sci-Fi,Thriller",16
"History,Mystery",16
"History,Romance",16
"Action,Family",15
"Adult,Drama,Romance",15
"Adventure,Comedy,Musical",15
"Animation,Documentary,Drama",15
"Animation,Family,Short",15
"Biography,Documentary,Musical",15
"Biography,Drama,Mystery",15
"Comedy,Short,Sport",15
"Crime,Fantasy,Mystery",15
"Documentary,Horror,Mystery",15
"Drama,History,Sport",15
"Drama,History,Western",15
"Drama,Music,Mystery",15
"Family,Game-Show,Reality-TV",15
"Family,Mystery",15
"Fantasy,History,Romance",15
"Fantasy,Mystery,Romance",15
"Action,Biography,History",14
"Action,Crime,Documentary",14
"Action,Drama,Musical",14
"Action,Game-Show,Sport",14
"Adventure,Family,Mystery",14
"Adventure,Fantasy,History",14
"Adventure,Fantasy,Romance",14
"Adventure,Horror,Sci-Fi",14
"Adventure,Sport",14
"Animation,Drama,History",14
"Animation,Horror,Mystery",14
"Biography,Documentary,Romance",14
"Comedy,Crime,Family",14
"Comedy,Documentary,News",14
"Comedy,Family,Sci-Fi",14
"Crime,Documentary,Thriller",14
"Crime,History",14
"Crime,Mystery,Sci-Fi",14
"Documentary,Family,Reality-TV",14
"Documentary,History,Short",14
"Drama,Family,Sci-Fi",14
"Family,Game-Show,Music",14
"Family,Music,Reality-TV",14
"Horror,Reality-TV",14
"Action,Crime,Fantasy",13
"Adventure,Documentary,Mystery",13
"Adventure,Drama,Music",13
"Adventure,Mystery,Thriller",13
"Animation,Comedy,Sport",13
"Biography,Documentary,Fantasy",13
"Biography,Drama,Fantasy",13
"Biography,Drama,Musical",13
"Biography,Talk-Show",13
"Comedy,Family,Game-Show",13
"Comedy,Family,Reality-TV",13
"Comedy,Family,Talk-Show",13
"Crime,Drama,Western",13
"Crime,Fantasy,Horror",13
"Drama,Reality-TV,Talk-Show",13
"Drama,Romance,Short",13
"Horror,Mystery,Romance",13
"Horror,Western",13
"Action,Animation,Horror",12
"Action,Comedy,History",12
"Action,Drama,Music",12
"Action,History,Romance",12
"Action,Reality-TV",12
"Animation,History",12
"Comedy,Family,Sport",12
"Comedy,Fantasy,History",12
"Comedy,Romance,Short",12
"Crime,Sci-Fi,Thriller",12
"Documentary,Drama,Thriller",12
"Documentary,Family,News",12
"Documentary,Reality-TV,Sport",12
"History,Horror",12
"Sci-Fi,Short",12
"Action,Fantasy,Mystery",11
"Adult,Short",11
"Adventure,Crime,Mystery",11
"Adventure,Drama,War",11
"Adventure,Mystery,Sci-Fi",11
"Animation,Fantasy,Sci-Fi",11
"Animation,Mystery",11
"Comedy,Documentary,Sport",11
"Comedy,Family,Short",11
"Comedy,War",11
"Drama,Family,War",11
"Game-Show,Reality-TV,Sport",11
"Horror,Music",11
"Horror,Talk-Show",11
"Action,Adventure,War",10
"Action,Animation,Mystery",10
"Animation,Biography,Drama",10
"Animation,Comedy,Game-Show",10
"Animation,Comedy,Talk-Show",10
"Biography,Documentary,Reality-TV",10
"Biography,History,War",10
"Comedy,Family,History",10
"Comedy,Family,Mystery",10
"Comedy,Horror,Talk-Show",10
"Crime,Documentary,Family",10
"Crime,Sci-Fi",10
"Crime,Talk-Show",10
"Documentary,History,Musical",10
"Documentary,History,Reality-TV",10
"Documentary,History,Sci-Fi",10
"Drama,History,Sci-Fi",10
"Drama,Horror,Music",10
"Drama,Musical,Thriller",10
"Drama,Reality-TV,Sport",10
"Family,History",10
"Fantasy,Music,Romance",10
"History,Short",10
"Music,News,Talk-Show",10
"Reality-TV,Short,Talk-Show",10
"Romance,Short",10
"Action,Animation,Family",9
"Action,Biography",9
"Action,Biography,Comedy",9
"Action,Comedy,Music",9
"Action,Crime,History",9
"Action,Fantasy,History",9
"Adventure,Animation,Documentary",9
"Adventure,Animation,History",9
"Adventure,Animation,Short",9
"Adventure,Documentary,Horror",9
"Adventure,Family,Music",9
"Animation,Crime,Mystery",9
"Animation,Fantasy,Music",9
"Animation,Fantasy,Mystery",9
"Biography,Documentary,Talk-Show",9
"Comedy,Documentary,Fantasy",9
"Comedy,Documentary,Talk-Show",9
"Comedy,Fantasy,Thriller",9
"Comedy,Sci-Fi,Short",9
"Comedy,Sci-Fi,Talk-Show",9
"Crime,Drama,Musical",9
"Crime,Drama,War",9
"Crime,Horror,Romance",9
"Documentary,Drama,Fantasy",9
"Documentary,Family,Game-Show",9
"Documentary,Music,News",9
"Documentary,Music,War",9
"Documentary,Short,Talk-Show",9
"Drama,History,Horror",9
"Drama,History,Music",9
"Drama,History,Musical",9
"Drama,Music,Thriller",9
"Family,News",9
"Fantasy,Music",9
"Horror,Musical",9
"Sci-Fi,Talk-Show",9
"Action,Animation,Sport",8
"Action,Comedy,Short",8
"Action,Comedy,Sport",8
"Action,Romance,Sci-Fi",8
"Adventure,Animation,Biography",8
"Adventure,Comedy,Western",8
"Adventure,Documentary,Romance",8
"Animation,Family,History",8
"Animation,Family,Sci-Fi",8
"Animation,Romance",8
"Biography,Documentary,Mystery",8
"Comedy,Crime,Documentary",8
"Comedy,Documentary,Romance",8
"Comedy,Music,Reality-TV",8
"Crime,History,Mystery",8
"Documentary,Drama,Musical",8
"Documentary,Family,Short",8
"Documentary,History,Western",8
"Documentary,Horror,Thriller",8
"Documentary,Music,Sport",8
"Documentary,News,War",8
"Documentary,Reality-TV,Talk-Show",8
"Drama,Horror,Short",8
"Drama,Music,Sci-Fi",8
"Family,News,Talk-Show",8
"Family,Thriller",8
"Fantasy,Short",8
"History,Reality-TV",8
"History,Thriller",8
"Mystery,Reality-TV",8
"Thriller,Western",8
"Action,Adventure,Game-Show",7
"Action,Adventure,Western",7
"Action,Comedy,Reality-TV",7
"Action,Comedy,Western",7
"Action,Game-Show,Reality-TV",7
"Action,History,Thriller",7
"Adult,Animation,Comedy",7
"Adult,Animation,Romance",7
"Adult,Horror",7
"Adventure,Animation,Horror",7
"Adventure,Comedy,Thriller",7
"Adventure,Crime,Family",7
"Adventure,Drama,Musical",7
"Adventure,Short",7
"Animation,Comedy,History",7
"Animation,Documentary,Fantasy",7
"Animation,Mystery,Sci-Fi",7
"Biography,Documentary,Horror",7
"Biography,Documentary,Short",7
"Biography,Family",7
"Biography,Musical",7
"Comedy,Documentary,Short",7
"Comedy,Drama,Western",7
"Comedy,Game-Show,News",7
"Comedy,Horror,Short",7
"Comedy,Music,Short",7
"Comedy,News,Sport",7
"Crime,Documentary,Horror",7
"Crime,Documentary,War",7
"Crime,Drama,Reality-TV",7
"Crime,Family",7
"Crime,Thriller,Western",7
"Documentary,Fantasy,Mystery",7
"Documentary,Game-Show",7
"Documentary,Game-Show,Reality-TV",7
"Documentary,History,Talk-Show",7
"Documentary,History,Thriller",7
"Documentary,Music,Reality-TV",7
"Documentary,Mystery,Sci-Fi",7
"Documentary,News,Short",7
"Documentary,Reality-TV,Short",7
"Drama,Family,Horror",7
"Drama,Fantasy,War",7
"Drama,Horror,Musical",7
"Drama,Horror,Western",7
"Drama,News,Reality-TV",7
"Family,Fantasy,Horror",7
"Fantasy,Musical",7
"Fantasy,Romance,Thriller",7
"History,Horror,Mystery",7
"History,Sport",7
"Short,Thriller",7
"Thriller,War",7
"Action,Animation,Thriller",6
"Action,Comedy,Musical",6
"Action,Drama,Short",6
"Adult,Reality-TV",6
"Adventure,Crime,Horror",6
"Adventure,Documentary,War",6
"Adventure,Musical",6
"Animation,Drama,Thriller",6
"Animation,Family,Mystery",6
"Animation,Game-Show",6
"Animation,Horror,Short",6
"Animation,Horror,Thriller",6
"Animation,Talk-Show",6
"Biography,Comedy,Music",6
"Biography,Documentary,Thriller",6
"Biography,Drama,Horror",6
"Comedy,Crime,Musical",6
"Comedy,Documentary,Game-Show",6
"Comedy,Drama,Talk-Show",6
"Comedy,Family,Horror",6
"Comedy,History,Mystery",6
"Comedy,History,Talk-Show",6
"Comedy,News,Short",6
"Crime,Documentary,Reality-TV",6
"Crime,History,Thriller",6
"Crime,Short",6
"Documentary,Drama,Horror",6
"Documentary,Family,Romance",6
"Documentary,Family,War",6
"Documentary,Fantasy,Horror",6
"Documentary,Horror,Reality-TV",6
"Documentary,Reality-TV,Romance",6
"Drama,Family,Reality-TV",6
"Drama,Mystery,Sport",6
"Drama,Sci-Fi,War",6
"Fantasy,Musical,Romance",6
"Game-Show,Reality-TV,Talk-Show",6
"History,Sci-Fi",6
"Horror,Music,Thriller",6
"Music,Sci-Fi",6
"Musical,Thriller",6
"Mystery,Romance,Sci-Fi",6
"Romance,Sport",6
"Romance,War",6
"Action,Animation,History",5
"Action,Documentary,Family",5
"Action,Family,Thriller",5
"Action,Horror,Romance",5
"Action,Mystery,Romance",5
"Action,Sci-Fi,War",5
"Action,Sci-Fi,Western",5
"Adventure,Animation,Crime",5
"Adventure,Comedy,Music",5
"Adventure,Crime",5
"Adventure,Crime,Thriller",5
"Adventure,Documentary,Fantasy",5
"Adventure,Documentary,Musical",5
"Adventure,Documentary,Western",5
"Adventure,Drama,Sport",5
"Adventure,Family,Reality-TV",5
"Adventure,Fantasy,Game-Show",5
"Adventure,History,Reality-TV",5
"Adventure,Music",5
"Animation,Biography,Family",5
"Animation,Documentary,Short",5
"Animation,Horror,Sci-Fi",5
"Animation,Mystery,Thriller",5
"Biography,Reality-TV",5
"Biography,Romance",5
"Biography,Short",5
"Comedy,Crime,History",5
"Comedy,Crime,Short",5
"Comedy,Documentary,Mystery",5
"Comedy,Documentary,Sci-Fi",5
"Comedy,Game-Show,Sport",5
"Comedy,Horror,Reality-TV",5
"Comedy,Music,News",5
"Comedy,Musical,Mystery",5
"Comedy,Musical,Sci-Fi",5
"Comedy,Musical,Short",5
"Comedy,News,Reality-TV",5
"Comedy,Reality-TV,Sport",5
"Crime,Documentary,Talk-Show",5
"Crime,Fantasy,Thriller",5
"Crime,Horror,Sci-Fi",5
"Crime,News",5
"Documentary,Family,Fantasy",5
"Documentary,Fantasy,Music",5
"Documentary,History,Romance",5
"Documentary,Mystery,Reality-TV",5
"Documentary,Sport,Talk-Show",5
"Drama,Game-Show,Reality-TV",5
"Drama,Musical,Mystery",5
"Drama,Mystery,Western",5
"Drama,Romance,Western",5
"Drama,Sport,Thriller",5
"Family,Music,Romance",5
"Family,Reality-TV,Talk-Show",5
"Fantasy,History",5
"Fantasy,History,Music",5
"Fantasy,History,Mystery",5
"Fantasy,Romance,Sci-Fi",5
"History,Mystery,Thriller",5
"Horror,Thriller,War",5
"Horror,Thriller,Western",5
"Music,Musical,Reality-TV",5
"Music,News,Sport",5
"Musical,Short",5
"Reality-TV,Sci-Fi",5
"Romance,Sci-Fi,Thriller",5
"Action,Adventure,Reality-TV",4
"Action,Adventure,Sport",4
"Action,Comedy,Game-Show",4
"Action,Comedy,War",4
"Action,Documentary,Horror",4
"Action,Family,Fantasy",4
"Action,Game-Show",4
"Action,Horror,Western",4
"Action,Musical,Romance",4
"Action,Thriller,Western",4
"Adult,Adventure,Animation",4
"Adult,Comedy,Drama",4
"Adult,Drama,Fantasy",4
"Adult,Fantasy",4
"Adventure,Animation,Musical",4
"Adventure,Biography,Crime",4
"Adventure,Biography,History",4
"Adventure,Comedy,History",4
"Adventure,Documentary,Short",4
"Adventure,Drama,Western",4
"Adventure,Family,Game-Show",4
"Adventure,Family,History",4
"Adventure,Family,Sport",4
"Adventure,Game-Show",4
"Adventure,History,Mystery",4
"Adventure,History,Sci-Fi",4
"Adventure,Reality-TV,Sport",4
"Adventure,Talk-Show",4
"Adventure,War",4
"Adventure,Western",4
"Animation,Biography,Fantasy",4
"Animation,Crime",4
"Animation,Documentary,Music",4
"Animation,Documentary,Musical",4
"Animation,Drama,War",4
"Animation,Fantasy,Short",4
"Animation,Fantasy,Thriller",4
"Animation,Music,Musical",4
"Animation,Music,Short",4
"Animation,Thriller",4
"Biography,Comedy,History",4
"Biography,Comedy,Horror",4
"Biography,Comedy,Reality-TV",4
"Biography,Crime",4
"Biography,Documentary,Sci-Fi",4
"Biography,History,News",4
"Biography,War",4
"Comedy,Crime,Music",4
"Comedy,Crime,Sci-Fi",4
"Comedy,Drama,Game-Show",4
"Comedy,Drama,News",4
"Comedy,Fantasy,Talk-Show",4
"Comedy,Music,Mystery",4
"Comedy,Mystery,Short",4
"Comedy,Reality-TV,Romance",4
"Comedy,Sci-Fi,Western",4
"Crime,Documentary,Music",4
"Crime,Fantasy",4
"Documentary,Game-Show,Music",4
"Documentary,News,Sport",4
"Drama,Mystery,Reality-TV",4
"Drama,Mystery,War",4
"Drama,Talk-Show",4
"Family,Fantasy,Sci-Fi",4
"Family,Music,Musical",4
"Family,Musical,Romance",4
"Fantasy,Music,Musical",4
"Fantasy,Western",4
"Game-Show,Music,Talk-Show",4
"Game-Show,Musical",4
"Game-Show,Mystery,Reality-TV",4
"Game-Show,Romance",4
"History,Horror,Thriller",4
"History,Music,Talk-Show",4
"History,Mystery,Romance",4
"History,News",4
"History,Romance,War",4
"Horror,Mystery,Reality-TV",4
"Horror,Romance,Sci-Fi",4
"Horror,Sci-Fi,Short",4
"Horror,Short,Thriller",4
"Musical,Mystery",4
"Musical,Sci-Fi",4
"Musical,Talk-Show",4
"Mystery,Talk-Show",4
"News,Short,Talk-Show",4
"Reality-TV,Sport,Talk-Show",4
"Romance,Western",4
"Sci-Fi,War",4
"Sci-Fi,Western",4
"Action,Adult,Crime",3
"Action,Animation,Documentary",3
"Action,Animation,Music",3
"Action,Comedy,Talk-Show",3
"Action,Crime,War",3
"Action,Crime,Western",3
"Action,Drama,Game-Show",3
"Action,Drama,Reality-TV",3
"Action,History,Horror",3
"Action,Music",3
"Action,Musical",3
"Action,Sci-Fi,Sport",3
"Adult,Animation",3
"Adult,Animation,Fantasy",3
"Adult,Crime,Drama",3
"Adult,Drama,Mystery",3
"Adult,Sci-Fi",3
"Adventure,Animation,Game-Show",3
"Adventure,Animation,Music",3
"Adventure,Animation,Romance",3
"Adventure,Comedy,War",3
"Adventure,Family,Musical",3
"Adventure,Family,Romance",3
"Adventure,Fantasy,Musical",3
"Adventure,Fantasy,Reality-TV",3
"Adventure,History,Horror",3
"Adventure,History,War",3
"Adventure,Music,Sci-Fi",3
"Adventure,Musical,Sci-Fi",3
"Adventure,Mystery,Romance",3
"Adventure,News",3
"Adventure,Reality-TV,Romance",3
"Adventure,Reality-TV,Talk-Show",3
"Animation,Biography",3
"Animation,Comedy,News",3
"Animation,Comedy,Reality-TV",3
"Animation,Crime,Documentary",3
"Animation,Documentary,Mystery",3
"Animation,Documentary,News",3
"Animation,Documentary,Sci-Fi",3
"Animation,Documentary,War",3
"Animation,Drama,Short",3
"Animation,Family,Western",3
"Animation,Fantasy,History",3
"Animation,Fantasy,Musical",3
"Animation,Game-Show,Music",3
"Animation,Game-Show,Reality-TV",3
"Animation,History,War",3
"Animation,Music,Sci-Fi",3
"Animation,Music,Sport",3
"Animation,Musical,Sport",3
"Animation,Romance,Short",3
"Animation,Sci-Fi,Short",3
"Biography,Comedy,Romance",3
"Biography,Comedy,Short",3
"Biography,Comedy,Talk-Show",3
"Biography,Crime,History",3
"Biography,Crime,Horror",3
"Biography,Documentary,Western",3
"Biography,Family,History",3
"Biography,Fantasy",3
"Biography,History,Music",3
"Biography,History,Mystery",3
"Biography,History,Romance",3
"Biography,News,Reality-TV",3
"Comedy,Crime,Sport",3
"Comedy,Crime,Talk-Show",3
"Comedy,Crime,Western",3
"Comedy,Fantasy,Game-Show",3
"Comedy,Game-Show,History",3
"Comedy,Game-Show,Horror",3
"Comedy,Game-Show,Musical",3
"Comedy,History,Horror",3
"Comedy,Horror,Western",3
"Comedy,Music,Sci-Fi",3
"Comedy,Musical,Talk-Show",3
"Comedy,Musical,Thriller",3
"Comedy,Musical,Western",3
"Comedy,Romance,Western",3
"Crime,Documentary,Short",3
"Crime,Documentary,Sport",3
"Crime,Drama,Short",3
"Crime,Family,Mystery",3
"Crime,Fantasy,Romance",3
"Crime,Fantasy,Sci-Fi",3
"Crime,Game-Show",3
"Crime,Music,Thriller",3
"Crime,Mystery,Reality-TV",3
"Documentary,Drama,Sci-Fi",3
"Documentary,Horror,Music",3
"Documentary,Horror,Sci-Fi",3
"Documentary,Mystery,Thriller",3
"Documentary,Reality-TV,Sci-Fi",3
"Documentary,Sport,War",3
"Drama,Horror,War",3
"Drama,Music,War",3
"Drama,Musical,Sci-Fi",3
"Drama,Musical,War",3
"Drama,Mystery,Short",3
"Drama,News",3
"Drama,Sci-Fi,Short",3
"Family,Fantasy,Mystery",3
"Family,Horror,Thriller",3
"Family,Reality-TV,Short",3
"Family,Short,Talk-Show",3
"Fantasy,Talk-Show",3
"Game-Show,News,Talk-Show",3
"History,Horror,Romance",3
"History,Music",3
"History,Musical",3
"History,News,Talk-Show",3
"History,Thriller,War",3
"Horror,Music,Mystery",3
"Horror,Music,Sci-Fi",3
"Horror,Mystery,Short",3
"Horror,News,Talk-Show",3
"Music,Musical,Talk-Show",3
"Music,Mystery,Thriller",3
"Mystery,News",3
"Mystery,Short",3
"Mystery,War",3
"Mystery,Western",3
"Sci-Fi,Short,Talk-Show",3
"Action,Adult",2
"Action,Adult,Adventure",2
"Action,Adult,Animation",2
"Action,Adult,Drama",2
"Action,Adult,Sci-Fi",2
"Action,Animation,Biography",2
"Action,Animation,Game-Show",2
"Action,Animation,Romance",2
"Action,Animation,Short",2
"Action,Animation,War",2
"Action,Biography,Fantasy",2
"Action,Crime,Sport",2
"Action,Documentary,Mystery",2
"Action,Documentary,News",2
"Action,Documentary,Reality-TV",2
"Action,Documentary,War",2
"Action,Family,Sci-Fi",2
"Action,Fantasy,War",2
"Action,History,Western",2
"Action,Horror,Sport",2
"Action,Romance,Sport",2
"Action,Romance,War",2
"Action,Short,Thriller",2
"Adult,Animation,Drama",2
"Adult,Animation,Sci-Fi",2
"Adult,Comedy,Horror",2
"Adult,Crime",2
"Adult,Documentary",2
"Adult,Documentary,Reality-TV",2
"Adult,Drama,Sci-Fi",2
"Adult,Sport",2
"Adventure,Animation,Mystery",2
"Adventure,Biography",2
"Adventure,Biography,Reality-TV",2
"Adventure,Comedy,Short",2
"Adventure,Comedy,Talk-Show",2
"Adventure,Crime,Documentary",2
"Adventure,Crime,History",2
"Adventure,Crime,Western",2
"Adventure,Drama,Reality-TV",2
"Adventure,Family,Short",2
"Adventure,Family,Western",2
"Adventure,Fantasy,Thriller",2
"Adventure,Fantasy,War",2
"Adventure,Game-Show,Horror",2
"Adventure,History,Romance",2
"Adventure,Horror,Romance",2
"Adventure,Music,Romance",2
"Adventure,Mystery,Reality-TV",2
"Adventure,News,Reality-TV",2
"Adventure,Romance,Sci-Fi",2
"Animation,Biography,Crime",2
"Animation,Comedy,Western",2
"Animation,Crime,Fantasy",2
"Animation,Crime,Horror",2
"Animation,Drama,Musical",2
"Animation,Family,Game-Show",2
"Animation,Family,Sport",2
"Animation,Game-Show,Short",2
"Animation,History,Mystery",2
"Animation,History,News",2
"Animation,Horror,Romance",2
"Animation,Music,Romance",2
"Animation,Musical,Romance",2
"Animation,Mystery,Romance",2
"Animation,Sci-Fi,Thriller",2
"Animation,Sci-Fi,War",2
"Animation,Short,Talk-Show",2
"Animation,War",2
"Animation,Western",2
"Biography,Comedy,Family",2
"Biography,Comedy,Sport",2
"Biography,Crime,Sci-Fi",2
"Biography,Crime,Thriller",2
"Biography,Family,Sport",2
"Biography,Fantasy,History",2
"Biography,History,Horror",2
"Biography,History,Sport",2
"Biography,History,Talk-Show",2
"Biography,Music,Romance",2
"Biography,News,Talk-Show",2
"Biography,Reality-TV,Talk-Show",2
"Biography,Sci-Fi",2
"Comedy,Family,News",2
"Comedy,Family,Thriller",2
"Comedy,Fantasy,Short",2
"Comedy,History,Music",2
"Comedy,History,Musical",2
"Comedy,History,Reality-TV",2
"Comedy,History,Short",2
"Comedy,History,War",2
"Comedy,Horror,News",2
"Comedy,Musical,News",2
"Comedy,Musical,Sport",2
"Comedy,Mystery,Reality-TV",2
"Comedy,Reality-TV,Sci-Fi",2
"Comedy,Short,Thriller",2
"Crime,Documentary,Fantasy",2
"Crime,Game-Show,Reality-TV",2
"Crime,History,Horror",2
"Crime,History,Reality-TV",2
"Crime,Music",2
"Crime,Music,Mystery",2
"Crime,Musical,Thriller",2
"Documentary,Drama,Short",2
"Documentary,Drama,Talk-Show",2
"Documentary,Drama,Western",2
"Documentary,Family,Musical",2
"Documentary,Family,Mystery",2
"Documentary,Family,Western",2
"Documentary,Fantasy,Romance",2
"Documentary,Horror,Musical",2
"Documentary,Music,Mystery",2
"Documentary,Music,Sci-Fi",2
"Documentary,Music,Short",2
"Documentary,Music,Talk-Show",2
"Documentary,News,Thriller",2
"Documentary,Romance,Sport",2
"Documentary,Talk-Show,Thriller",2
"Drama,Fantasy,Sport",2
"Drama,Fantasy,Western",2
"Drama,Game-Show,Music",2
"Drama,History,News",2
"Drama,Horror,Reality-TV",2
"Drama,Horror,Sport",2
"Drama,Music,Reality-TV",2
"Drama,Musical,Talk-Show",2
"Drama,News,Talk-Show",2
"Family,Fantasy,Music",2
"Family,Fantasy,Romance",2
"Family,Game-Show,Talk-Show",2
"Family,History,Romance",2
"Family,Music,Talk-Show",2
"Family,Musical,Reality-TV",2
"Family,Musical,Talk-Show",2
"Family,News,Reality-TV",2
"Family,War",2
"Family,Western",2
"Fantasy,History,Horror",2
"Fantasy,History,War",2
"Fantasy,Horror,Music",2
"Fantasy,Horror,Musical",2
"Fantasy,Horror,Western",2
"Fantasy,Music,Mystery",2
"Fantasy,Romance,Sport",2
"Fantasy,Sci-Fi,Talk-Show",2
"Fantasy,War",2
"Game-Show,Horror",2
"Game-Show,Music,Musical",2
"Game-Show,News",2
"Game-Show,Short,Sport",2
"Game-Show,Sport,Talk-Show",2
"History,Music,Short",2
"History,Mystery,Reality-TV",2
"History,Reality-TV,Talk-Show",2
"History,Reality-TV,War",2
"History,Sci-Fi,Thriller",2
"History,Western",2
"Horror,Musical,Sci-Fi",2
"Horror,Musical,Thriller",2
"Horror,Mystery,Talk-Show",2
"Horror,News",2
"Horror,War",2
"Music,Mystery",2
"Music,News",2
"Music,Reality-TV,Short",2
"Music,Reality-TV,Talk-Show",2
"Music,Sci-Fi,Thriller",2
"Music,Sport",2
"Music,War",2
"Musical,Romance,Thriller",2
"Mystery,Reality-TV,Sci-Fi",2
"News,Reality-TV,Short",2
"News,Reality-TV,Sport",2
"News,Sci-Fi",2
"News,Sci-Fi,Short",2
"News,War",2
"Reality-TV,Romance,Talk-Show",2
"Reality-TV,Talk-Show,Western",2
"Reality-TV,Western",2
"Sport,Thriller",2
"Sport,War",2
"War,Western",2
"Action,Adult,Comedy",1
"Action,Adult,Horror",1
"Action,Adventure,Music",1
"Action,Adventure,Musical",1
"Action,Animation,Musical",1
"Action,Animation,Reality-TV",1
"Action,Biography,Thriller",1
"Action,Crime,Family",1
"Action,Crime,Music",1
"Action,Crime,Short",1
"Action,Documentary,Music",1
"Action,Documentary,Musical",1
"Action,Documentary,Romance",1
"Action,Family,History",1
"Action,Family,Horror",1
"Action,Family,Mystery",1
"Action,Family,Reality-TV",1
"Action,Family,Romance",1
"Action,Family,Sport",1
"Action,Family,War",1
"Action,Family,Western",1
"Action,Fantasy,Music",1
"Action,Fantasy,Musical",1
"Action,Fantasy,Short",1
"Action,Fantasy,Western",1
"Action,History,Music",1
"Action,History,Mystery",1
"Action,History,Sci-Fi",1
"Action,Horror,Music",1
"Action,Horror,Short",1
"Action,Horror,War",1
"Action,Musical,Thriller",1
"Action,Mystery,Reality-TV",1
"Action,Mystery,Western",1
"Action,News,Reality-TV",1
"Action,Reality-TV,Short",1
"Action,Reality-TV,Sport",1
"Action,Reality-TV,War",1
"Action,Romance,Short",1
"Action,Romance,Western",1
"Action,Sci-Fi,Short",1
"Action,Short,Sport",1
"Action,Sport,Talk-Show",1
"Action,Sport,Thriller",1
"Action,Talk-Show",1
"Adult,Adventure,Comedy",1
"Adult,Adventure,Romance",1
"Adult,Biography,Documentary",1
"Adult,Biography,Drama",1
"Adult,Biography,Talk-Show",1
"Adult,Comedy,Crime",1
"Adult,Comedy,History",1
"Adult,Comedy,Romance",1
"Adult,Comedy,Short",1
"Adult,Crime,Documentary",1
"Adult,Crime,History",1
"Adult,Drama,Game-Show",1
"Adult,Drama,Horror",1
"Adult,Drama,Reality-TV",1
"Adult,Fantasy,Romance",1
"Adult,Horror,Sci-Fi",1
"Adult,Horror,Thriller",1
"Adult,Mystery",1
"Adult,Reality-TV,Romance",1
"Adult,Romance,Thriller",1
"Adult,Thriller",1
"Adventure,Animation,Reality-TV",1
"Adventure,Animation,Thriller",1
"Adventure,Animation,Western",1
"Adventure,Biography,Family",1
"Adventure,Biography,Mystery",1
"Adventure,Biography,Western",1
"Adventure,Comedy,News",1
"Adventure,Crime,Fantasy",1
"Adventure,Crime,Music",1
"Adventure,Crime,Reality-TV",1
"Adventure,Crime,Sci-Fi",1
"Adventure,Documentary,Sci-Fi",1
"Adventure,Documentary,Talk-Show",1
"Adventure,Family,Horror",1
"Adventure,Family,War",1
"Adventure,Fantasy,Western",1
"Adventure,Game-Show,Mystery",1
"Adventure,History,Thriller",1
"Adventure,History,Western",1
"Adventure,Horror,Musical",1
"Adventure,Horror,Reality-TV",1
"Adventure,Horror,Western",1
"Adventure,Music,Mystery",1
"Adventure,Music,Reality-TV",1
"Adventure,Music,Short",1
"Adventure,Music,Thriller",1
"Adventure,Musical,Mystery",1
"Adventure,Musical,Romance",1
"Adventure,Reality-TV,Thriller",1
"Adventure,Reality-TV,Western",1
"Adventure,Romance,Sport",1
"Adventure,Romance,Thriller",1
"Adventure,Romance,Western",1
"Adventure,Sci-Fi,Short",1
"Adventure,Sci-Fi,Western",1
"Adventure,Thriller,War",1
"Animation,Biography,History",1
"Animation,Comedy,War",1
"Animation,Crime,Family",1
"Animation,Crime,Sci-Fi",1
"Animation,Crime,Thriller",1
"Animation,Documentary,Reality-TV",1
"Animation,Documentary,Sport",1
"Animation,Documentary,Thriller",1
"Animation,Family,Horror",1
"Animation,Family,Romance",1
"Animation,Family,War",1
"Animation,Fantasy,Reality-TV",1
"Animation,History,Music",1
"Animation,History,Romance",1
"Animation,History,Short",1
"Animation,Horror,Musical",1
"Animation,Music,Mystery",1
"Animation,Music,Thriller",1
"Animation,Mystery,Short",1
"Animation,Reality-TV",1
"Animation,Reality-TV,Talk-Show",1
"Animation,Romance,Sci-Fi",1
"Animation,Sci-Fi,Sport",1
"Animation,Sport,Thriller",1
"Biography,Comedy,Fantasy",1
"Biography,Comedy,Game-Show",1
"Biography,Comedy,Musical",1
"Biography,Comedy,Mystery",1
"Biography,Comedy,Thriller",1
"Biography,Comedy,War",1
"Biography,Crime,Fantasy",1
"Biography,Crime,Mystery",1
"Biography,Crime,Romance",1
"Biography,Crime,Sport",1
"Biography,Crime,Western",1
"Biography,Drama,Western",1
"Biography,Family,News",1
"Biography,Family,Talk-Show",1
"Biography,Fantasy,Musical",1
"Biography,Fantasy,War",1
"Biography,Game-Show",1
"Biography,History,Short",1
"Biography,History,Thriller",1
"Biography,History,Western",1
"Biography,Horror,Talk-Show",1
"Biography,Music,Musical",1
"Biography,Music,Mystery",1
"Biography,Music,News",1
"Biography,Music,Reality-TV",1
"Biography,Music,Talk-Show",1
"Biography,Musical,Reality-TV",1
"Biography,Mystery",1
"Biography,Mystery,Sci-Fi",1
"Biography,Sport,Talk-Show",1
"Biography,Thriller",1
"Biography,Thriller,War",1
"Biography,Thriller,Western",1
"Comedy,Crime,Reality-TV",1
"Comedy,Crime,War",1
"Comedy,Documentary,War",1
"Comedy,Family,Western",1
"Comedy,Fantasy,Sport",1
"Comedy,Game-Show,Mystery",1
"Comedy,Game-Show,Romance",1
"Comedy,History,News",1
"Comedy,History,Sci-Fi",1
"Comedy,History,Sport",1
"Comedy,History,Western",1
"Comedy,Horror,War",1
"Comedy,Music,Thriller",1
"Comedy,Music,War",1
"Comedy,Mystery,War",1
"Comedy,Mystery,Western",1
"Comedy,News,Sci-Fi",1
"Comedy,Reality-TV,Thriller",1
"Comedy,Romance,Talk-Show",1
"Comedy,Sport,Thriller",1
"Comedy,Sport,Western",1
"Crime,Drama,Game-Show",1
"Crime,Drama,News",1
"Crime,Drama,Talk-Show",1
"Crime,Family,Fantasy",1
"Crime,Family,Horror",1
"Crime,Family,Sci-Fi",1
"Crime,Fantasy,History",1
"Crime,Fantasy,War",1
"Crime,Game-Show,Thriller",1
"Crime,History,Sci-Fi",1
"Crime,History,War",1
"Crime,Horror,Music",1
"Crime,Horror,Musical",1
"Crime,Horror,Talk-Show",1
"Crime,Musical",1
"Crime,Musical,Mystery",1
"Crime,Mystery,News",1
"Crime,Mystery,Western",1
"Crime,Romance,Sci-Fi",1
"Crime,Romance,Western",1
"Crime,Short,Thriller",1
"Crime,Sport",1
"Crime,Sport,Thriller",1
"Crime,Western",1
"Documentary,Drama,Game-Show",1
"Documentary,Family,Sci-Fi",1
"Documentary,Family,Talk-Show",1
"Documentary,Fantasy,Musical",1
"Documentary,Fantasy,News",1
"Documentary,Fantasy,Sci-Fi",1
"Documentary,Fantasy,Thriller",1
"Documentary,Game-Show,History",1
"Documentary,Horror,News",1
"Documentary,Horror,Romance",1
"Documentary,Horror,Talk-Show",1
"Documentary,Horror,War",1
"Documentary,Music,Romance",1
"Documentary,Music,Thriller",1
"Documentary,Music,Western",1
"Documentary,Musical,Reality-TV",1
"Documentary,Musical,Sci-Fi",1
"Documentary,Musical,War",1
"Documentary,Mystery,News",1
"Documentary,Mystery,Short",1
"Documentary,News,Romance",1
"Documentary,Reality-TV,Thriller",1
"Documentary,Romance,Thriller",1
"Documentary,Romance,War",1
"Documentary,Sci-Fi,Talk-Show",1
"Documentary,Sci-Fi,Thriller",1
"Documentary,Sport,Thriller",1
"Documentary,Sport,Western",1
"Drama,Family,Game-Show",1
"Drama,Family,Short",1
"Drama,Family,Talk-Show",1
"Drama,Family,Western",1
"Drama,Fantasy,Short",1
"Drama,Game-Show,History",1
"Drama,Game-Show,Sci-Fi",1
"Drama,History,Short",1
"Drama,Music,Short",1
"Drama,Music,Western",1
"Drama,Musical,Western",1
"Drama,News,Short",1
"Drama,Sci-Fi,Sport",1
"Drama,Sci-Fi,Western",1
"Drama,Short,Sport",1
"Drama,Short,Thriller",1
"Drama,Short,War",1
"Family,Fantasy,History",1
"Family,Fantasy,Reality-TV",1
"Family,Fantasy,Short",1
"Family,Fantasy,War",1
"Family,Fantasy,Western",1
"Family,Game-Show,Romance",1
"Family,Game-Show,Sport",1
"Family,History,Musical",1
"Family,History,Mystery",1
"Family,History,Reality-TV",1
"Family,History,Short",1
"Family,Horror",1
"Family,Horror,Mystery",1
"Family,Horror,Sci-Fi",1
"Family,Horror,War",1
"Family,Music,News",1
"Family,Musical,Sci-Fi",1
"Family,Mystery,Sci-Fi",1
"Family,Mystery,Sport",1
"Family,Mystery,Thriller",1
"Family,Reality-TV,Romance",1
"Family,Reality-TV,Sport",1
"Family,Reality-TV,Western",1
"Family,Romance,Sport",1
"Family,Sci-Fi,Sport",1
"Family,Sci-Fi,Thriller",1
"Family,Sport,Talk-Show",1
"Fantasy,Game-Show,Horror",1
"Fantasy,Game-Show,Reality-TV",1
"Fantasy,History,Musical",1
"Fantasy,History,Sci-Fi",1
"Fantasy,History,Thriller",1
"Fantasy,Horror,Short",1
"Fantasy,Music,Sci-Fi",1
"Fantasy,Music,Sport",1
"Fantasy,Musical,Mystery",1
"Fantasy,Musical,Short",1
"Fantasy,Mystery,War",1
"Fantasy,Reality-TV",1
"Fantasy,Reality-TV,Romance",1
"Fantasy,Sci-Fi,Sport",1
"Fantasy,Sport",1
"Game-Show,History,Reality-TV",1
"Game-Show,Horror,Mystery",1
"Game-Show,Horror,Reality-TV",1
"Game-Show,Music,Sport",1
"Game-Show,Musical,Mystery",1
"Game-Show,Mystery",1
"Game-Show,Mystery,News",1
"Game-Show,Reality-TV,Short",1
"Game-Show,Reality-TV,Thriller",1
"Game-Show,Short",1
"History,Horror,Sci-Fi",1
"History,Music,Sci-Fi",1
"History,Musical,Romance",1
"History,Mystery,Sci-Fi",1
"History,News,Reality-TV",1
"History,News,Sci-Fi",1
"History,News,Sport",1
"History,News,War",1
"History,Reality-TV,Short",1
"History,Reality-TV,Thriller",1
"History,Romance,Thriller",1
"History,Sport,Thriller",1
"Horror,News,Sci-Fi",1
"Horror,Reality-TV,Sci-Fi",1
"Horror,Reality-TV,Thriller",1
"Horror,Sci-Fi,Talk-Show",1
"Horror,Sci-Fi,War",1
"Horror,Sport",1
"Horror,Talk-Show,Thriller",1
"Music,Musical,Mystery",1
"Music,Musical,Romance",1
"Music,Musical,Thriller",1
"Music,Mystery,Romance",1
"Music,News,Reality-TV",1
"Music,Romance,Sci-Fi",1
"Music,Short,Talk-Show",1
"Music,Thriller",1
"Music,Western",1
"Musical,Mystery,Sci-Fi",1
"Musical,News,Reality-TV",1
"Musical,Reality-TV,Sport",1
"Musical,Reality-TV,Talk-Show",1
"Musical,Romance,Sci-Fi",1
"Musical,Romance,Sport",1
"Musical,Romance,Western",1
"Musical,Sport",1
"Musical,Sport,Talk-Show",1
"Mystery,News,Sci-Fi",1
"Mystery,Reality-TV,Romance",1
"Mystery,Reality-TV,Thriller",1
"Mystery,Sci-Fi,Short",1
"Mystery,Short,Thriller",1
"Mystery,Thriller,War",1
"News,Talk-Show,War",1
"Reality-TV,Short,Sport",1
"Romance,Talk-Show",1
"Romance,Thriller,War",1
"Sci-Fi,Short,Thriller",1
"Short,Sport,Talk-Show",1
"Talk-Show,Thriller",1
"Talk-Show,War",1
"Thriller,War,Western",1
